Fund name,Symbol,YTD as of 01/18/2024,1 year Average annual total returns as of 12/31/2023,3 year Average annual total returns as of 12/31/2023,5 year Average annual total returns as of 12/31/2023,10 year Average annual total returns as of 12/31/2023,Since inception Average annual total returns as of 12/31/2023,Expense ratio,SEC yield,Distribution,Dividend,Benchmark
Market Neutral Fund Institutional Shares,VMNIX,2.66%,12.33%,16.30%,4.71%,3.15%,3.14% (10/19/1998),1.77%,"5.08% B ",---,1.45%,FTSE Three-Month Treasury Bill Index
Market Neutral Fund Investor Shares,VMNFX,2.65%,12.24%,16.22%,4.65%,3.08%,2.98% (11/11/1998),1.83%,"5.03% B ",---,1.45%,FTSE Three-Month Treasury Bill Index
Global Minimum Volatility Fund Investor Shares,VMVFX,2.20%,7.85%,4.84%,6.28%,7.26%,7.56% (12/12/2013),0.21%,"---  ",---,2.41%,FTSE Global All Cap Index Hedged
Global Minimum Volatility Fund Admiral Shares,VMNVX,2.17%,7.97%,4.93%,6.36%,7.35%,7.65% (12/12/2013),0.14%,"---  ",---,2.41%,FTSE Global All Cap Index Hedged
Health Care ETF,VHT,1.71%,2.47%,5.27%,10.96%,11.03%,9.88% (01/26/2004),0.10%,"1.37% B ",---,1.48%,Spliced U.S. Investable Market Health Care 25/50 Index
Health Care Index Fund Admiral Shares,VHCIX,1.71%,2.48%,5.28%,10.97%,11.04%,9.89% (02/05/2004),0.10%,"1.37% B ",---,1.48%,Spliced U.S. Investable Market Health Care 25/50 Index
S&P 500 Growth ETF,VOOG,1.68%,29.90%,6.50%,16.11%,13.21%,14.99% (09/07/2010),0.10%,"0.87% B ",---,0.68%,S&P 500 Growth Index
S&P 500 Growth Index Fund Institutional Shares,VSPGX,1.68%,29.93%,6.53%,---,---,13.31% (04/05/2019),0.08%,"0.87% B ",---,0.68%,S&P 500 Growth Index
Mega Cap Growth ETF,MGK,1.67%,51.56%,8.97%,20.20%,14.75%,12.22% (12/17/2007),0.07%,"0.46% B ",---,0.50%,CRSP U.S. Mega Cap Growth Index
Mega Cap Growth Index Fund Institutional Shares,VMGAX,1.67%,51.58%,8.98%,20.22%,14.76%,12.85% (04/03/2008),0.06%,"0.47% B ",---,0.50%,CRSP U.S. Mega Cap Growth Index
Russell 1000 Growth ETF,VONG,1.56%,42.63%,8.80%,19.42%,14.76%,15.80% (09/20/2010),0.08%,"0.65% B ",---,0.71%,Russell 1000 Growth Index
Russell 1000 Growth Index Fund Institutional Shares,VRGWX,1.55%,42.65%,8.81%,19.43%,14.79%,15.22% (12/06/2010),0.07%,"0.66% B ",---,0.71%,Russell 1000 Growth Index
Variable Insurance Fund - Growth Portfolio,0109,1.50%,40.13%,3.25%,16.08%,12.88%,8.64% (06/07/1993),0.34%,"0.21% B ",---,0.54%,Russell 1000 Growth Index
Growth ETF,VUG,1.36%,46.78%,7.70%,19.17%,13.98%,10.75% (01/26/2004),0.04%,"0.52% B ",---,0.54%,CRSP U.S. Large Cap Growth Index
Growth Index Fund Admiral Shares,VIGAX,1.36%,46.77%,7.69%,19.16%,13.97%,8.21% (11/13/2000),0.05%,"0.51% B ",---,0.54%,CRSP U.S. Large Cap Growth Index
Growth Index Fund Institutional Shares,VIGIX,1.36%,46.78%,7.69%,19.17%,13.98%,8.54% (05/14/1998),0.04%,"0.52% B ",---,0.54%,CRSP U.S. Large Cap Growth Index
Communication Services Index Fund Admiral Shares,VTCAX,1.03%,44.72%,0.27%,10.73%,5.57%,6.96% (03/11/2005),0.10%,"0.83% B ",---,0.91%,MSCI US Investable Market Communication Services 25/50 Index
Communication Services ETF,VOX,1.03%,44.72%,0.27%,10.73%,5.56%,7.16% (09/23/2004),0.10%,"0.83% B ",---,0.91%,MSCI US Investable Market Communication Services 25/50 Index
Information Technology ETF,VGT,1.01%,52.67%,11.87%,24.88%,19.66%,12.97% (01/26/2004),0.10%,"0.64% B ",---,0.71%,MSCI US Investable Market Information Technology 25/50 Index
Information Technology Index Fund Admiral Shares,VITAX,1.00%,52.68%,11.87%,24.89%,19.67%,13.70% (03/25/2004),0.10%,"0.64% B ",---,0.71%,MSCI US Investable Market Information Technology 25/50 Index
Growth and Income Fund Admiral Shares,VGIAX,0.92%,24.76%,10.12%,15.39%,11.90%,7.95% (05/14/2001),0.26%,"0.72% B ",---,1.17%,S&P 500 Index
Growth and Income Fund Investor Shares,VQNPX,0.90%,24.66%,10.01%,15.28%,11.79%,10.50% (12/10/1986),0.36%,"0.62% B ",---,1.17%,S&P 500 Index
Mega Cap ETF,MGC,0.81%,29.67%,9.82%,16.15%,12.39%,10.10% (12/17/2007),0.07%,"1.32% B ",---,1.39%,CRSP U.S. Mega Cap Index
Mega Cap Index Fund Institutional Shares,VMCTX,0.81%,29.69%,9.84%,16.17%,12.41%,10.68% (02/22/2008),0.06%,"1.33% B ",---,1.39%,CRSP U.S. Mega Cap Index
FTSE Social Index Fund Admiral Shares,VFTAX,0.71%,31.79%,8.45%,---,---,14.42% (02/07/2019),0.14%,"1.09% B ",---,1.23%,Spliced Social Index
FTSE Social Index Fund Institutional Shares,VFTNX,0.71%,31.78%,8.47%,15.97%,12.53%,9.85% (01/14/2003),0.12%,"1.11% B ",---,1.23%,Spliced Social Index
U.S. Growth Fund Investor Shares,VWUSX,0.69%,45.17%,-0.52%,15.80%,12.87%,10.70% (01/06/1959),0.30%,"0.14% B ",---,0.39%,Russell 1000 Growth Index
U.S. Growth Fund Admiral Shares,VWUAX,0.69%,45.31%,-0.42%,15.91%,13.00%,7.88% (08/13/2001),0.20%,"0.24% B ",---,0.39%,Russell 1000 Growth Index
Health Care Fund Admiral Shares,VGHAX,0.60%,5.48%,6.09%,10.60%,10.21%,10.25% (11/12/2001),0.29%,"0.85% B ",---,1.17%,MSCI All Country World Index Health Care
Health Care Fund Investor Shares,VGHCX,0.59%,5.43%,6.04%,10.54%,10.16%,15.29% (05/23/1984),0.34%,"0.80% B ",---,1.17%,MSCI All Country World Index Health Care
U.S. Minimum Volatility ETF,VFMV,0.51%,8.87%,7.40%,9.46%,---,8.17% (02/13/2018),0.13%,"1.63% B ",---,1.75%,Russell 3000 Index
Consumer Staples Index Fund Admiral Shares,VCSAX,0.30%,2.37%,5.74%,10.58%,8.33%,9.37% (01/30/2004),0.10%,"2.36% B ",---,2.49%,Spliced U.S. Investable Market Consumer Staples 25/50 Index
ESG U.S. Stock ETF,ESGV,0.29%,30.76%,7.89%,16.06%,---,11.95% (09/18/2018),0.09%,"1.16% B ",---,1.24%,FTSE US All Cap Choice Index
Consumer Staples ETF,VDC,0.29%,2.37%,5.72%,10.56%,8.32%,9.35% (01/26/2004),0.10%,"2.36% B ",---,2.49%,Spliced U.S. Investable Market Consumer Staples 25/50 Index
Institutional Index Fund Institutional Plus Shares,VIIIX,0.29%,26.26%,9.98%,15.67%,12.02%,8.47% (07/07/1997),0.02%,"1.45% B ",---,1.46%,S&P 500 Index
Institutional Index Fund Institutional Shares,VINIX,0.29%,26.24%,9.96%,15.66%,12.00%,10.30% (07/31/1990),0.035%,"1.44% B ",---,1.46%,S&P 500 Index
500 Index Fund Institutional Select Shares,VFFSX,0.29%,26.28%,9.99%,15.68%,---,14.02% (06/24/2016),0.01%,"1.45% B ",---,1.46%,S&P 500 Index
500 Index Fund Admiral Shares,VFIAX,0.29%,26.24%,9.96%,15.65%,11.99%,7.62% (11/13/2000),0.04%,"1.42% B ",---,1.46%,S&P 500 Index
S&P 500 ETF,VOO,0.29%,26.25%,9.96%,15.65%,11.99%,13.87% (09/07/2010),0.03%,"1.43% B ",---,1.46%,S&P 500 Index
Variable Insurance Fund - Equity Index Portfolio,0107,0.28%,26.11%,9.85%,15.52%,11.88%,10.15% (04/29/1991),0.14%,"1.33% B ",---,1.46%,S&P 500 Index
Large-Cap Index Fund Admiral Shares,VLCAX,0.27%,27.28%,9.09%,15.60%,11.90%,9.76% (02/02/2004),0.05%,"1.37% B ",---,1.42%,CRSP U.S. Large Cap Index
Large-Cap Index Fund Institutional Shares,VLISX,0.27%,27.28%,9.10%,15.61%,11.91%,10.05% (06/30/2005),0.04%,"1.38% B ",---,1.42%,CRSP U.S. Large Cap Index
Large-Cap ETF,VV,0.27%,27.29%,9.10%,15.60%,11.91%,9.72% (01/27/2004),0.04%,"1.38% B ",---,1.42%,CRSP U.S. Large Cap Index
Dividend Growth Fund,VDIGX,0.27%,8.10%,8.68%,13.50%,10.76%,9.04% (05/15/1992),0.30%,"1.56% B ",---,1.87%,S&P U.S. Dividend Growers Index TR
Treasury Money Market Fund,VUSXX,0.26%,5.05%,2.17%,1.82%,1.19%,2.37% (12/14/1992),0.09%,"5.29% C ",5.32%,---,iMoneyNet Money Fund Report's 100% Treasury Funds Average
Cash Reserves Federal Money Market Fund Admiral Shares,VMRXX,0.26%,5.10%,2.21%,1.90%,1.33%,2.96% (10/03/1989),0.10%,"5.28% C ",5.31%,---,U.S. Government Money Market Funds Average
Federal Money Market Fund,VMFXX,0.26%,5.09%,2.20%,1.83%,1.21%,3.91% (07/13/1981),0.11%,"5.27% C ",5.30%,---,U.S. Government Money Market Funds Average
Variable Insurance Fund - Money Market Portfolio,0104,0.26%,5.05%,2.17%,1.86%,1.30%,2.66% (05/02/1991),0.15%,"5.23% C ",5.26%,---,Variable Insurance U.S. Government Money Market Funds Average
Ultra-Short-Term Bond Fund Admiral Shares,VUSFX,0.25%,5.53%,1.74%,2.14%,---,1.78% (02/24/2015),0.10%,"4.98% A ",---,---,Bloomberg U.S. Treasury Bellwethers: 1 Year Index
Ultra-Short Bond ETF,VUSB,0.20%,5.56%,---,---,---,1.88% (04/05/2021),0.10%,"5.02% A ",---,---,Bloomberg U.S. Treasury Bellwethers: 1 Year Index
Ultra-Short-Term Bond Fund Investor Shares,VUBFX,0.20%,5.53%,1.67%,2.06%,---,1.69% (02/24/2015),0.20%,"4.88% A ",---,---,Bloomberg U.S. Treasury Bellwethers: 1 Year Index
Short-Term Inflation-Protected Securities Index Fund Admiral Shares,VTAPX,0.13%,4.59%,2.27%,3.32%,1.92%,1.61% (10/16/2012),0.06%,2.61% A G,---,---,Bloomberg U.S. 0-5 Year Treasury Inflation Protected Securities Index
Municipal Money Market Fund,VMSXX,0.12%,3.25%,1.43%,1.24%,0.86%,2.73% (06/10/1980),0.15%,"1.88% C ",3.49%,---,Tax-Exempt Money Market Funds Average
New York Municipal Money Market Fund,VYFXX,0.12%,3.18%,1.40%,1.20%,0.83%,1.41% (09/03/1997),0.16%,"1.76% C ",3.42%,---,New York Tax-Exempt Money Market Funds Average
Dividend Appreciation Index Fund Admiral Shares,VDADX,0.11%,14.46%,8.47%,13.83%,10.69%,10.89% (12/19/2013),0.08%,"1.79% B ",---,1.86%,S&P U.S. Dividend Growers Index TR
Dividend Appreciation ETF,VIG,0.11%,14.46%,8.48%,13.84%,10.70%,9.37% (04/21/2006),0.06%,"1.81% B ",---,1.86%,S&P U.S. Dividend Growers Index TR
Short-Term Inflation-Protected Securities ETF,VTIP,0.11%,4.62%,2.30%,3.33%,1.93%,1.62% (10/12/2012),0.04%,2.63% A G,---,---,Bloomberg U.S. 0-5 Year Treasury Inflation Protected Securities Index
California Municipal Money Market Fund,VCTXX,0.09%,2.58%,1.17%,1.03%,0.73%,2.07% (06/01/1987),0.16%,"1.43% C ",2.95%,---,California Tax-Exempt Money Market Funds Average
Short-Term Inflation-Protected Securities Index Fund Institutional Shares,VTSPX,0.08%,4.61%,2.31%,3.34%,1.95%,1.64% (10/17/2012),0.04%,2.63% A G,---,---,Bloomberg U.S. 0-5 Year Treasury Inflation Protected Securities Index
Russell 1000 Index Fund Institutional Shares,VRNIX,0.05%,26.50%,8.92%,15.46%,11.72%,13.17% (10/15/2010),0.07%,"1.36% B ",---,1.43%,Russell 1000 Index
Russell 1000 ETF,VONE,0.05%,26.49%,8.91%,15.45%,11.69%,13.33% (09/20/2010),0.08%,"1.35% B ",---,1.43%,Russell 1000 Index
Short-Term Treasury Index Fund Institutional Shares,VSBIX,0.04%,4.28%,-0.14%,1.23%,0.99%,0.91% (08/23/2010),0.05%,"4.34% A ",---,---,Bloomberg U.S. 1-3 Year Treasury Index
Tax-Managed Capital Appreciation Fund Institutional Shares,VTCIX,0.02%,26.67%,9.18%,15.69%,11.96%,7.96% (02/24/1999),0.06%,"1.22% B ",---,1.25%,Russell 1000 Index
Short-Term Treasury ETF,VGSH,0.02%,4.29%,-0.13%,1.24%,0.99%,0.97% (11/19/2009),0.04%,"4.38% A ",---,---,Bloomberg U.S. 1-3 Year Treasury Index
Tax-Managed Capital Appreciation Fund Admiral Shares,VTCLX,0.02%,26.64%,9.15%,15.66%,11.93%,10.35% (09/06/1994),0.09%,"1.19% B ",---,1.25%,Russell 1000 Index
Short-Term Federal Fund Admiral Shares,VSGDX,-0.03%,3.91%,-0.67%,1.30%,1.20%,2.65% (02/12/2001),0.10%,"3.95% A ",3.45%,---,Bloomberg U.S. 1-5 Year Government Bond Index
Short-Term Federal Fund Investor Shares,VSGBX,-0.03%,3.81%,-0.77%,1.20%,1.10%,4.21% (12/31/1987),0.20%,"3.85% A ",3.35%,---,Bloomberg U.S. 1-5 Year Government Bond Index
Short-Term Corporate Bond Index Fund Institutional Shares,VSTBX,-0.08%,6.21%,-0.09%,2.28%,2.07%,2.57% (11/19/2009),0.05%,"4.92% A ",---,---,Bloomberg U.S. Aggregate Float Adjusted Index
Short-Term Corporate Bond ETF,VCSH,-0.09%,6.24%,-0.08%,2.30%,2.07%,2.55% (11/19/2009),0.04%,"4.94% A ",---,---,Bloomberg U.S. Aggregate Float Adjusted Index
Short-Term Corporate Bond Index Fund Admiral Shares,VSCSX,-0.10%,6.15%,-0.12%,2.26%,2.05%,2.28% (11/18/2010),0.07%,"4.90% A ",---,---,Bloomberg U.S. Aggregate Float Adjusted Index
Short-Term Treasury Fund Admiral Shares,VFIRX,-0.10%,3.61%,-0.65%,1.14%,1.01%,2.44% (02/13/2001),0.10%,"4.12% A ",4.26%,---,Bloomberg U.S. 1-5 Year Treasury Bond Index
Variable Insurance Fund - Short-Term Investment-Grade Portfolio,0274,-0.10%,6.16%,-0.12%,2.13%,1.93%,3.39% (02/08/1999),0.14%,"4.80% A ",---,---,Bloomberg U.S. 1-5 Year Credit Bond Index
Short-Term Treasury Fund Investor Shares,VFISX,-0.10%,3.51%,-0.75%,1.04%,0.91%,3.43% (10/28/1991),0.20%,"4.02% A ",4.16%,---,Bloomberg U.S. 1-5 Year Treasury Bond Index
Short-Term Investment-Grade Fund Institutional Shares,VFSIX,-0.11%,6.20%,-0.06%,2.16%,1.98%,3.62% (09/30/1997),0.07%,"4.88% A ",3.60%,---,Bloomberg U.S. 1-5 Year Credit Bond Index
Short-Term Investment-Grade Fund Admiral Shares,VFSUX,-0.12%,6.17%,-0.09%,2.13%,1.95%,3.17% (02/12/2001),0.10%,"4.85% A ",3.57%,---,Bloomberg U.S. 1-5 Year Credit Bond Index
Short-Term Investment-Grade Fund Investor Shares,VFSTX,-0.12%,6.06%,-0.19%,2.02%,1.85%,5.41% (10/29/1982),0.20%,"4.75% A ",3.47%,---,Bloomberg U.S. 1-5 Year Credit Bond Index
Short-Term Bond Index Fund Institutional Plus,VBIPX,-0.15%,4.90%,-0.65%,1.50%,1.39%,1.36% (09/29/2011),0.04%,"4.42% A ",2.98%,---,Bloomberg U.S. Aggregate Float Adjusted Index
Short-Term Bond Index Fund Institutional Shares,VBITX,-0.15%,4.88%,-0.66%,1.49%,1.38%,1.35% (09/27/2011),0.05%,"4.41% A ",2.96%,---,Bloomberg U.S. Aggregate Float Adjusted Index
Short-Term Bond Index Fund Admiral Shares,VBIRX,-0.15%,4.87%,-0.68%,1.47%,1.35%,2.51% (11/12/2001),0.07%,"4.39% A ",2.95%,---,Bloomberg U.S. Aggregate Float Adjusted Index
Short-Term Bond ETF,BSV,-0.16%,4.91%,-0.64%,1.50%,1.37%,2.29% (04/03/2007),0.04%,"4.41% A ",---,---,Bloomberg U.S. Aggregate Float Adjusted Index
Ultra-Short-Term Tax-Exempt Fund Admiral Shares,VWSUX,-0.17%,3.95%,1.14%,1.55%,1.22%,1.87% (02/12/2001),0.09%,"3.07% A ",3.07%,---,Bloomberg 1 Year Municipal Bond Index
Ultra-Short-Term Tax-Exempt Fund Investor Shares,VWSTX,-0.18%,3.87%,1.05%,1.47%,1.14%,3.56% (09/01/1977),0.17%,"3.00% A ",2.99%,---,Bloomberg 1 Year Municipal Bond Index
Variable Insurance Fund - Capital Growth Portfolio,0277,-0.19%,27.98%,9.55%,14.33%,12.85%,12.29% (12/03/2002),0.34%,"1.13% B ",---,1.28%,S&P 500 Index
Russell 3000 ETF,VTHR,-0.23%,25.91%,8.46%,15.07%,11.35%,13.09% (09/20/2010),0.10%,"1.32% B ",---,1.43%,Russell 3000 Index
Russell 3000 Index Fund Institutional Shares,VRTTX,-0.23%,25.92%,8.48%,15.10%,11.40%,12.93% (11/01/2010),0.08%,"1.34% B ",---,1.43%,Russell 3000 Index
Institutional Total Stock Market Index Fund Institutional Shares,VITNX,-0.23%,26.05%,8.47%,15.11%,11.47%,9.06% (08/31/2001),0.03%,"1.40% B ",---,1.42%,CRSP U.S. Total Market Index
Institutional Total Stock Market Index Fund Institutional Plus Shares,VITPX,-0.23%,26.05%,8.47%,15.11%,11.48%,8.51% (05/31/2001),0.02%,"1.41% B ",---,1.42%,CRSP U.S. Total Market Index
Total Stock Market Index Fund Institutional Plus Shares,VSMPX,-0.23%,26.03%,8.45%,15.09%,---,11.29% (04/28/2015),0.02%,"1.40% B ",---,1.42%,CRSP U.S. Total Market Index
Total Stock Market Index Fund Institutional Select Shares,VSTSX,-0.23%,26.05%,8.46%,15.10%,---,13.88% (06/27/2016),0.01%,"1.41% B ",---,1.42%,CRSP U.S. Total Market Index
Total Stock Market Index Fund Institutional Shares,VITSX,-0.23%,26.02%,8.44%,15.08%,11.44%,8.60% (07/07/1997),0.03%,"1.39% B ",---,1.42%,CRSP U.S. Total Market Index
Total Stock Market Index Fund Admiral Shares,VTSAX,-0.23%,26.01%,8.43%,15.07%,11.43%,7.90% (11/13/2000),0.04%,"1.38% B ",---,1.42%,CRSP U.S. Total Market Index
Total Stock Market ETF,VTI,-0.24%,26.03%,8.45%,15.07%,11.44%,8.28% (05/24/2001),0.03%,"1.39% B ",---,1.42%,CRSP U.S. Total Market Index
Variable Insurance Fund - Total Stock Market Index Portfolio,0287,-0.24%,25.95%,8.36%,14.93%,11.29%,10.40% (01/08/2003),0.13%,"1.30% B ",---,1.42%,Spliced Total Market Index
Tax-Managed Balanced Fund Admiral Shares,VTMFX,-0.27%,15.53%,4.50%,8.82%,7.27%,7.51% (09/06/1994),0.09%,"2.28% B ",---,1.24%,Tax-Managed Balanced Composite Index
Limited-Term Tax-Exempt Fund Admiral Shares,VMLUX,-0.34%,4.27%,0.57%,1.81%,1.60%,2.46% (02/12/2001),0.09%,"3.08% A ",2.60%,---,Bloomberg 1-5 Year Municipal Bond Index
Limited-Term Tax-Exempt Fund Investor Shares,VMLTX,-0.34%,4.18%,0.49%,1.73%,1.52%,3.65% (08/31/1987),0.17%,"3.00% A ",2.52%,---,Bloomberg 1-5 Year Municipal Bond Index
PRIMECAP Fund Investor Shares CLOSED,VPMCX,-0.36%,28.09%,9.81%,14.68%,12.99%,13.53% (11/01/1984),0.38%,"1.00% B ",---,1.28%,S&P 500 Index
PRIMECAP Fund Admiral Shares CLOSED,VPMAX,-0.36%,28.18%,9.88%,14.76%,13.07%,11.02% (11/12/2001),0.31%,"1.08% B ",---,1.28%,S&P 500 Index
Short-Term Tax-Exempt Bond ETF,VTES,-0.44%,---,---,---,---,3.48% (03/07/2023),0.07%,"2.66% A ",---,---,S&P 0-7 Year National AMT-Free Municipal Bond Index
Inflation-Protected Securities Fund Institutional Shares,VIPIX,-0.53%,3.85%,-1.11%,3.05%,2.36%,3.51% (12/12/2003),0.07%,2.11% A G,---,---,Bloomberg U.S. Treasury Inflation Protected Securities Index
Mega Cap Value Index Fund Institutional Shares,VMVLX,-0.54%,9.17%,10.74%,11.84%,9.94%,8.63% (03/05/2008),0.06%,"2.43% B ",---,2.52%,CRSP U.S. Mega Cap Value Index
PRIMECAP Core Fund CLOSED,VPCCX,-0.54%,23.51%,10.43%,14.03%,12.09%,10.93% (12/09/2004),0.46%,"1.19% B ",---,1.45%,MSCI US Prime Market 750 Index
Mega Cap Value ETF,MGV,-0.54%,9.16%,10.72%,11.81%,9.92%,7.91% (12/17/2007),0.07%,"2.42% B ",---,2.52%,CRSP U.S. Mega Cap Value Index
U.S. Momentum Factor ETF,VFMO,-0.55%,16.33%,6.50%,15.17%,---,11.13% (02/13/2018),0.13%,"0.46% B ",---,0.55%,Russell 3000 Index
Diversified Equity Fund,VDEQX,-0.57%,27.49%,6.35%,15.32%,11.13%,9.50% (06/10/2005),0.35%,"1.03% B ",---,1.08%,MSCI US Broad Market Index
California Intermediate-Term Tax-Exempt Fund Admiral Shares,VCADX,-0.57%,5.80%,-0.13%,2.20%,2.83%,3.47% (11/12/2001),0.09%,"2.95% A ",2.68%,---,Bloomberg Municipal California Intermediate Bond Index
California Intermediate-Term Tax-Exempt Fund Investor Shares,VCAIX,-0.57%,5.72%,-0.21%,2.12%,2.74%,4.20% (03/04/1994),0.17%,"2.87% A ",2.60%,---,Bloomberg Municipal California Intermediate Bond Index
Intermediate-Term Tax-Exempt Fund Admiral Shares,VWIUX,-0.59%,5.90%,-0.06%,2.34%,2.79%,3.63% (02/12/2001),0.09%,"3.15% A ",2.88%,---,Bloomberg 1-15 Year Municipal Bond Index
Intermediate-Term Tax-Exempt Fund Investor Shares,VWITX,-0.59%,5.82%,-0.14%,2.26%,2.71%,4.96% (09/01/1977),0.17%,"3.07% A ",2.80%,---,Bloomberg 1-15 Year Municipal Bond Index
Inflation-Protected Securities Fund Investor Shares,VIPSX,-0.60%,3.65%,-1.23%,2.92%,2.22%,4.49% (06/29/2000),0.20%,1.96% A G,---,---,Bloomberg U.S. Treasury Inflation Protected Securities Index
Variable Insurance Fund - Balanced Portfolio,0106,-0.60%,14.33%,5.25%,9.59%,7.89%,9.18% (05/23/1991),0.21%,"2.53% B ",---,1.67%,Variable Insurance Balanced Composite Index
Wellington Fund Admiral Shares,VWENX,-0.60%,14.43%,5.33%,9.66%,7.96%,7.72% (05/14/2001),0.17%,"2.63% B ",---,1.66%,Wellington Composite Index
Wellington Fund Investor Shares,VWELX,-0.60%,14.33%,5.25%,9.58%,7.88%,8.26% (07/01/1929),0.25%,"2.55% B ",---,1.66%,Wellington Composite Index
Inflation-Protected Securities Fund Admiral Shares,VAIPX,-0.61%,3.79%,-1.12%,3.02%,2.33%,3.23% (06/10/2005),0.10%,2.06% A G,---,---,Bloomberg U.S. Treasury Inflation Protected Securities Index
Balanced Index Fund Institutional Shares,VBAIX,-0.65%,17.58%,3.74%,9.62%,7.74%,6.70% (12/01/2000),0.06%,"2.52% B ",---,1.42%,Balanced Composite Index
Balanced Index Fund Admiral Shares,VBIAX,-0.65%,17.58%,3.73%,9.61%,7.73%,6.57% (11/13/2000),0.07%,"2.51% B ",---,1.42%,Balanced Composite Index
Multi-Sector Income Bond Fund Investor Shares,VMSIX,-0.78%,10.42%,---,---,---,-0.32% (10/12/2021),0.40%,"5.57% A ",---,---,Multi-Sector Income Bond Composite Index
Multi-Sector Income Bond Fund Admiral Shares,VMSAX,-0.78%,10.53%,---,---,---,-0.23% (10/12/2021),0.30%,"5.68% A ",---,---,Multi-Sector Income Bond Composite Index
Tax-Exempt Bond Index Fund Admiral Shares,VTEAX,-0.78%,6.15%,-0.40%,2.19%,---,2.33% (08/25/2015),0.09%,"3.16% A ",---,---,S&P National AMT-Free Municipal Bond Index
California Long-Term Tax-Exempt Fund Admiral Shares,VCLAX,-0.80%,7.59%,-0.41%,2.53%,3.63%,3.92% (11/12/2001),0.09%,"3.30% A ",3.18%,---,Bloomberg CA Municipal Bond Index
California Long-Term Tax-Exempt Fund Investor Shares,VCITX,-0.81%,7.51%,-0.49%,2.45%,3.55%,5.38% (04/07/1986),0.17%,"3.22% A ",3.10%,---,Bloomberg CA Municipal Bond Index
Variable Insurance Fund - High Yield Bond Portfolio,0260,-0.81%,11.66%,1.66%,5.13%,4.34%,5.67% (06/03/1996),0.25%,"6.22% A ",---,---,High-Yield Corporate Composite Index
High-Yield Corporate Fund Admiral Shares,VWEAX,-0.82%,11.74%,1.82%,5.21%,4.43%,6.01% (11/12/2001),0.13%,"6.45% A ",5.99%,---,High-Yield Corporate Composite Index
High-Yield Corporate Fund Investor Shares,VWEHX,-0.82%,11.63%,1.72%,5.11%,4.33%,7.80% (12/27/1978),0.23%,"6.35% A ",5.89%,---,High-Yield Corporate Composite Index
Tax-Exempt Bond ETF,VTEB,-0.82%,6.20%,-0.36%,2.23%,---,2.34% (08/21/2015),0.05%,"3.20% A ",---,---,S&P National AMT-Free Municipal Bond Index
Massachusetts Tax-Exempt Fund,VMATX,-0.82%,7.18%,-0.82%,2.45%,3.25%,3.91% (12/09/1998),0.13%,"3.42% A ",3.18%,---,Bloomberg MA Municipal Bond Index
Pennsylvania Long-Term Tax-Exempt Fund Admiral Shares,VPALX,-0.84%,7.33%,-0.38%,2.65%,3.65%,4.15% (05/14/2001),0.09%,"3.60% A ",3.39%,---,Bloomberg PA Municipal Bond Index
Intermediate-Term Treasury Index Fund Admiral Shares,VSIGX,-0.85%,4.39%,-3.17%,0.76%,1.36%,1.66% (08/04/2010),0.07%,"3.92% A ",---,---,Bloomberg U.S. Treasury 3-10 Year Index
Pennsylvania Long-Term Tax-Exempt Fund Investor Shares,VPAIX,-0.85%,7.24%,-0.46%,2.57%,3.56%,5.35% (04/07/1986),0.17%,"3.52% A ",3.32%,---,Bloomberg PA Municipal Bond Index
High-Yield Tax-Exempt Fund Admiral Shares,VWALX,-0.85%,8.44%,-0.16%,2.78%,3.96%,4.28% (11/12/2001),0.09%,"4.03% A ",3.73%,---,Bloomberg Municipal Bond Index
High-Yield Tax-Exempt Fund Investor Shares,VWAHX,-0.85%,8.35%,-0.24%,2.70%,3.87%,6.02% (12/27/1978),0.17%,"3.95% A ",3.65%,---,Bloomberg Municipal Bond Index
Intermediate-Term Treasury ETF,VGIT,-0.88%,4.42%,-3.13%,0.79%,1.38%,1.98% (11/19/2009),0.04%,"3.95% A ",---,---,Bloomberg U.S. Treasury 3-10 Year Index
New Jersey Long-Term Tax-Exempt Fund Admiral Shares,VNJUX,-0.88%,8.09%,0.03%,2.98%,3.83%,4.23% (05/14/2001),0.09%,"3.50% A ",3.35%,---,Bloomberg NJ Municipal Bond Index
Intermediate-Term Treasury Index Fund Institutional Shares,VIIGX,-0.88%,4.43%,-3.13%,0.79%,1.39%,2.05% (03/19/2010),0.05%,"3.94% A ",---,---,Bloomberg U.S. Treasury 3-10 Year Index
New Jersey Long-Term Tax-Exempt Fund Investor Shares,VNJTX,-0.89%,8.01%,-0.05%,2.90%,3.74%,5.37% (02/03/1988),0.17%,"3.42% A ",3.27%,---,Bloomberg NJ Municipal Bond Index
Global Wellington Fund Investor Shares,VGWLX,-0.90%,12.41%,5.76%,9.17%,---,6.84% (11/02/2017),0.50%,"---  ",---,2.88%,Global Wellington Composite Index in USD
Global Wellington Fund Admiral Shares,VGWAX,-0.91%,12.55%,5.90%,9.30%,---,6.97% (11/02/2017),0.37%,"---  ",---,2.88%,Global Wellington Composite Index in USD
Intermediate-Term Treasury Fund Admiral Shares,VFIUX,-0.91%,4.18%,-2.97%,1.03%,1.52%,3.70% (02/12/2001),0.10%,"3.91% A ",3.81%,---,Bloomberg U.S. 5-10 Year Treasury Bond Index
Intermediate-Term Treasury Fund Investor Shares,VFITX,-0.92%,4.07%,-3.07%,0.93%,1.42%,4.78% (10/28/1991),0.20%,"3.81% A ",3.71%,---,Bloomberg U.S. 5-10 Year Treasury Bond Index
Long-Term Tax-Exempt Fund Admiral Shares,VWLUX,-0.93%,7.64%,-0.42%,2.65%,3.63%,4.16% (02/12/2001),0.09%,"3.51% A ",3.29%,---,Bloomberg Municipal Bond Index
Long-Term Tax-Exempt Fund Investor Shares,VWLTX,-0.94%,7.55%,-0.50%,2.57%,3.54%,5.42% (09/01/1977),0.17%,"3.43% A ",3.21%,---,Bloomberg Municipal Bond Index
Global ESG Select Stock Fund Investor Shares,VEIGX,-0.98%,19.51%,9.20%,---,---,13.28% (06/05/2019),0.57%,"---  ",---,2.37%,FTSE All-World Index
Value Index Fund Admiral Shares,VVIAX,-1.00%,9.24%,10.61%,11.73%,9.72%,7.18% (11/13/2000),0.05%,"2.39% B ",---,2.45%,CRSP U.S. Large Cap Value Index
Value ETF,VTV,-1.00%,9.26%,10.62%,11.73%,9.73%,8.45% (01/26/2004),0.04%,"2.40% B ",---,2.45%,CRSP U.S. Large Cap Value Index
Global ESG Select Stock Fund Admiral Shares,VESGX,-1.01%,19.62%,9.31%,---,---,13.39% (06/05/2019),0.47%,"---  ",---,2.37%,FTSE All-World Index
Value Index Fund Institutional Shares,VIVIX,-1.01%,9.26%,10.62%,11.74%,9.73%,7.17% (07/02/1998),0.04%,"2.40% B ",---,2.45%,CRSP U.S. Large Cap Value Index
Capital Opportunity Fund Admiral Shares CLOSED,VHCAX,-1.02%,25.61%,7.88%,14.45%,12.69%,11.29% (11/12/2001),0.36%,"0.75% B ",---,0.93%,Russell Midcap Growth Index
Capital Opportunity Fund Investor Shares CLOSED,VHCOX,-1.02%,25.52%,7.80%,14.37%,12.61%,12.37% (08/14/1995),0.43%,"0.68% B ",---,0.93%,Russell Midcap Growth Index
New York Long-Term Tax-Exempt Fund Admiral Shares,VNYUX,-1.03%,8.37%,-0.32%,2.53%,3.45%,4.04% (05/14/2001),0.09%,"3.42% A ",3.30%,---,Bloomberg NY Municipal Bond Index
New York Long-Term Tax-Exempt Fund Investor Shares,VNYTX,-1.03%,8.28%,-0.40%,2.45%,3.36%,5.15% (04/07/1986),0.17%,"3.34% A ",3.22%,---,Bloomberg NY Municipal Bond Index
Windsor II Fund Admiral Shares,VWNAX,-1.04%,21.07%,10.72%,14.96%,10.14%,8.01% (05/14/2001),0.26%,"1.68% B ",---,1.77%,Russell 1000 Value Index
Ohio Long-Term Tax-Exempt Fund,VOHIX,-1.04%,7.03%,-0.92%,2.39%,3.52%,5.19% (06/18/1990),0.13%,"3.55% A ",3.16%,---,Bloomberg OH Municipal Bond Index
Windsor II Fund Investor Shares,VWNFX,-1.05%,20.98%,10.63%,14.87%,10.05%,10.80% (06/24/1985),0.34%,"1.60% B ",---,1.77%,Russell 1000 Value Index
High Dividend Yield Index Fund Admiral Shares,VHYAX,-1.10%,6.51%,10.18%,---,---,9.77% (02/07/2019),0.08%,"3.06% B ",---,3.13%,FTSE High Dividend Yield Index
High Dividend Yield ETF,VYM,-1.11%,6.53%,10.20%,10.95%,9.38%,8.11% (11/10/2006),0.06%,"3.07% B ",---,3.13%,FTSE High Dividend Yield Index
ESG U.S. Corporate Bond ETF,VCEB,-1.14%,8.51%,-3.27%,---,---,-2.50% (09/22/2020),0.12%,"4.98% A ",---,---,Bloomberg MSCI US Corporate SRI Select Index
Intermediate-Term Corporate Bond Index Fund Institutional Shares Purchase fee: : 0.25%,VICBX,-1.15%,8.59%,-2.76%,2.80%,3.13%,4.16% (11/19/2009),0.05%,"5.05% A ",---,---,Bloomberg U.S. Aggregate Float Adjusted Index
Target Retirement Income Fund,VTINX,-1.15%,10.74%,0.56%,4.83%,4.09%,4.87% (10/27/2003),0.08%,"2.99% B ",---,2.04%,Target Retirement Income Composite Index
Global Credit Bond Fund Investor Shares,VGCIX,-1.16%,8.94%,-2.23%,3.16%,---,3.27% (11/15/2018),0.35%,"4.40% A ",---,---,Bloomberg Global Aggregate Credit Index Hedged in USD
Intermediate-Term Investment-Grade Fund Admiral Shares,VFIDX,-1.17%,8.61%,-2.54%,2.46%,2.75%,4.59% (02/12/2001),0.10%,"5.00% A ",4.26%,---,Bloomberg U.S. 5-10 Year Credit Bond Index
Intermediate-Term Investment-Grade Fund Investor Shares,VFICX,-1.18%,8.50%,-2.64%,2.36%,2.64%,4.94% (11/01/1993),0.20%,"4.90% A ",4.16%,---,Bloomberg U.S. 5-10 Year Credit Bond Index
Intermediate-Term Bond Index Fund Institutional Plus,VBIUX,-1.18%,6.10%,-3.49%,1.71%,2.33%,2.36% (11/30/2011),0.04%,"4.42% A ",3.50%,---,Bloomberg U.S. Aggregate Float Adjusted Index
Intermediate-Term Bond Index Fund Institutional Shares,VBIMX,-1.18%,6.09%,-3.50%,1.70%,2.32%,3.92% (01/26/2006),0.05%,"4.41% A ",3.49%,---,Bloomberg U.S. Aggregate Float Adjusted Index
Intermediate-Term Bond Index Fund Admiral Shares,VBILX,-1.18%,6.07%,-3.52%,1.68%,2.29%,4.07% (11/12/2001),0.07%,"4.39% A ",3.47%,---,Bloomberg U.S. Aggregate Float Adjusted Index
Intermediate-Term Corporate Bond ETF,VCIT,-1.18%,8.91%,-2.66%,2.86%,3.14%,4.16% (11/19/2009),0.04%,"5.06% A ",---,---,Bloomberg U.S. Aggregate Float Adjusted Index
Intermediate-Term Corporate Bond Index Fund Admiral Shares Purchase fee: : 0.25%,VICSX,-1.19%,8.60%,-2.77%,2.79%,3.11%,4.05% (03/02/2010),0.07%,"5.03% A ",---,---,Bloomberg U.S. Aggregate Float Adjusted Index
Target Retirement 2020 Fund,VTWNX,-1.19%,12.51%,1.47%,6.61%,5.52%,5.91% (06/07/2006),0.08%,"2.98% B ",---,2.04%,Target Retirement 2020 Composite Index
Global Credit Bond Fund Admiral Shares,VGCAX,-1.21%,9.04%,-2.12%,3.27%,---,3.38% (11/15/2018),0.25%,"4.51% A ",---,---,Bloomberg Global Aggregate Credit Index Hedged in USD
Core-Plus Bond Fund Admiral Shares,VCPAX,-1.22%,6.79%,---,---,---,-2.96% (10/25/2021),0.20%,"4.79% A ",---,---,Bloomberg U.S. Universal Bond Index
S&P Mid-Cap 400 Growth Index Fund Institutional Shares,VMFGX,-1.22%,17.40%,4.17%,11.83%,8.97%,10.06% (03/28/2011),0.08%,"1.16% B ",---,0.95%,S&P MidCap 400 Growth Index
Core-Plus Bond ETF,VPLS,-1.22%,---,---,---,---,2.87% (12/06/2023),0.20%,"4.81% A ",---,---,Bloomberg U.S. Universal Bond Index
S&P Mid-Cap 400 Growth ETF,IVOG,-1.22%,17.34%,4.09%,11.75%,8.87%,11.77% (09/07/2010),0.15%,"1.09% B ",---,0.95%,S&P MidCap 400 Growth Index
Total Corporate Bond ETF,VTC,-1.23%,8.64%,-3.35%,2.48%,---,1.68% (11/07/2017),0.04%,"3.83% B ",---,---,Bloomberg U.S. Corporate Bond Index
Total International Bond II Index Fund Investor Shares CLOSED,VTIIX,-1.23%,8.73%,---,---,---,-1.92% (02/26/2021),0.13%,"2.88% A ",---,---,Bloomberg Global Aggregate ex-USD Float Adjusted RIC Capped Index Hedged
Global Wellesley Income Fund Investor Shares,VGWIX,-1.23%,8.78%,2.07%,4.99%,---,3.43% (11/02/2017),0.44%,"---  ",---,3.76%,Global Wellesley Income Composite Index in USD
Intermediate-Term Bond ETF,BIV,-1.24%,6.16%,-3.47%,1.69%,2.31%,3.82% (04/03/2007),0.04%,"4.47% A ",---,---,Bloomberg U.S. Aggregate Float Adjusted Index
Global Wellesley Income Fund Admiral Shares,VGYAX,-1.25%,8.95%,2.21%,5.12%,---,3.56% (11/02/2017),0.31%,"---  ",---,3.76%,Global Wellesley Income Composite Index in USD
Total World Bond ETF,BNDW,-1.27%,7.20%,-2.94%,1.02%,---,1.22% (09/04/2018),0.05%,"3.76% B ",---,---,Bloomberg Global Aggregate Float Adjusted Composite Index
Core-Plus Bond Fund Investor Shares,VCPIX,-1.27%,6.62%,---,---,---,-3.06% (10/25/2021),0.30%,"4.68% A ",---,---,Bloomberg U.S. Universal Bond Index
Variable Insurance Fund - Diversified Value Portfolio,0278,-1.28%,20.13%,11.53%,14.28%,9.27%,7.94% (02/08/1999),0.29%,"1.63% B ",---,1.74%,Russell 1000 Value Index
Total International Bond II Index Fund Institutional Shares CLOSED,VTILX,-1.28%,8.80%,---,---,---,-2.21% (02/17/2021),0.07%,"2.94% A ",---,---,Bloomberg Global Aggregate ex-USD Float Adjusted RIC Capped Index Hedged
Total International Bond Index Fund Institutional Shares,VTIFX,-1.28%,8.85%,-2.48%,0.91%,2.45%,2.30% (05/31/2013),0.07%,"2.95% A ",---,---,Bloomberg Global Aggregate ex-USD Float Adjusted RIC Capped Index Hedged
Variable Insurance Fund - Global Bond Index Portfolio,1558,-1.29%,6.52%,-3.15%,0.99%,---,0.88% (09/07/2017),0.13%,"3.01% B ",---,---,Global Bond Composite Index in USD
Total Bond Market II Index Fund Institutional Shares CLOSED,VTBNX,-1.29%,5.66%,-3.36%,1.05%,1.76%,2.62% (02/17/2009),0.02%,"4.31% A ",3.43%,---,Bloomberg U.S. Aggregate Float Adjusted Index
Total Bond Market II Index Fund Investor Shares CLOSED,VTBIX,-1.29%,5.58%,-3.42%,0.98%,1.69%,2.58% (01/26/2009),0.09%,"4.24% A ",3.36%,---,Bloomberg U.S. Aggregate Float Adjusted Index
S&P 500 Value Index Fund Institutional Shares,VSPVX,-1.30%,22.14%,13.01%,14.03%,---,9.77% (03/03/2015),0.08%,"1.87% B ",---,2.35%,S&P 500 Value Index
S&P 500 Value ETF,VOOV,-1.30%,22.11%,12.98%,13.99%,9.88%,12.00% (09/07/2010),0.10%,"1.96% B ",---,2.35%,S&P 500 Value Index
Core Bond ETF,VCRB,-1.30%,---,---,---,---,2.89% (12/12/2023),0.10%,"4.76% A ",---,---,Bloomberg U.S. Aggregate Float Adjusted Index
Total International Bond ETF,BNDX,-1.30%,8.87%,-2.47%,0.92%,2.42%,2.28% (05/31/2013),0.07%,"2.95% A ",---,---,Bloomberg Global Aggregate ex-USD Float Adjusted RIC Capped Index Hedged
Target Retirement 2025 Fund,VTTVX,-1.31%,14.55%,2.03%,7.56%,6.10%,6.53% (10/27/2003),0.08%,"2.79% B ",---,2.04%,Target Retirement 2025 Composite Index
Target Retirement 2035 Fund,VTTHX,-1.31%,17.14%,3.33%,9.17%,7.06%,7.32% (10/27/2003),0.08%,"2.56% B ",---,2.02%,Target Retirement 2035 Composite Index
Variable Insurance Fund - Total Bond Market Index Portfolio,0257,-1.32%,5.58%,-3.43%,1.04%,1.71%,4.71% (04/29/1991),0.14%,"4.22% A ",---,---,Bloomberg U.S. Aggregate Float Adjusted Index
Total International Bond Index Fund Admiral Shares,VTABX,-1.32%,8.83%,-2.51%,0.88%,2.40%,2.26% (05/31/2013),0.11%,"2.91% A ",---,---,Bloomberg Global Aggregate ex-USD Float Adjusted RIC Capped Index Hedged
LifeStrategy Income Fund,VASIX,-1.32%,9.48%,-1.34%,3.27%,3.36%,5.53% (09/30/1994),0.11%,"3.16% B ",---,2.05%,Income Composite Index
Core Bond Fund Investor Shares,VCORX,-1.32%,5.90%,-3.28%,1.76%,---,1.53% (03/28/2016),0.20%,"4.51% A ",---,---,Bloomberg U.S. Aggregate Float Adjusted Index
Core Bond Fund Admiral Shares,VCOBX,-1.32%,5.95%,-3.20%,1.88%,---,1.64% (03/28/2016),0.10%,"4.61% A ",---,---,Bloomberg U.S. Aggregate Float Adjusted Index
LifeStrategy Conservative Growth Fund,VSCGX,-1.33%,12.48%,0.46%,5.52%,4.77%,6.41% (09/30/1994),0.12%,"2.95% B ",---,2.04%,Conservative Growth Composite Index
Total Bond Market ETF,BND,-1.33%,5.70%,-3.35%,1.12%,1.79%,3.00% (04/03/2007),0.03%,"4.29% A ",---,---,Bloomberg U.S. Aggregate Float Adjusted Index
Total World Stock ETF,VT,-1.33%,21.90%,5.73%,11.84%,8.10%,7.08% (06/24/2008),0.07%,"---  ",---,2.03%,FTSE Global All Cap Index
Mid-Cap Growth Fund,VMGRX,-1.33%,24.08%,-1.62%,10.90%,8.25%,9.72% (12/31/1997),0.35%,"0.34% B ",---,0.51%,Russell Midcap Growth Index
Total World Stock Index Fund Institutional Shares,VTWIX,-1.33%,21.89%,5.72%,11.83%,8.09%,10.23% (10/09/2008),0.08%,"---  ",---,2.03%,FTSE Global All Cap Index
Total World Stock Index Fund Admiral Shares,VTWAX,-1.35%,21.87%,5.70%,---,---,10.35% (02/07/2019),0.10%,"---  ",---,2.03%,FTSE Global All Cap Index
Variable Insurance Fund - Conservative Allocation Portfolio,0710,-1.35%,12.51%,0.49%,5.60%,4.84%,5.64% (10/19/2011),0.13%,"2.63% B ",---,2.04%,Conservative Allocation Composite Index
Target Retirement 2045 Fund,VTIVX,-1.35%,19.48%,4.68%,10.76%,7.91%,7.97% (10/27/2003),0.08%,"2.37% B ",---,2.02%,Target Retirement 2045 Composite Index
Target Retirement 2040 Fund,VFORX,-1.37%,18.34%,4.02%,9.99%,7.52%,7.22% (06/07/2006),0.08%,"2.46% B ",---,2.02%,Target Retirement 2040 Composite Index
Variable Insurance Fund - Moderate Allocation Portfolio,0712,-1.37%,15.55%,2.26%,7.78%,6.19%,7.44% (10/19/2011),0.12%,"2.44% B ",---,2.04%,Moderate Allocation Composite Index
U.S. Quality Factor ETF,VFQY,-1.38%,22.45%,9.74%,14.13%,---,10.82% (02/13/2018),0.13%,"1.31% B ",---,1.44%,Russell 3000 Index
Total Bond Market Index Fund Institutional Select Shares,VTBSX,-1.38%,5.74%,-3.32%,1.16%,---,0.94% (06/24/2016),0.01%,"4.32% A ",3.44%,---,Bloomberg U.S. Aggregate Float Adjusted Index
Total Bond Market Index Fund Institutional Plus Shares,VBMPX,-1.38%,5.72%,-3.34%,1.14%,1.81%,2.32% (02/05/2010),0.03%,"4.30% A ",3.42%,---,Bloomberg U.S. Aggregate Float Adjusted Index
Total Bond Market Index Fund Institutional Shares,VBTIX,-1.38%,5.72%,-3.34%,1.13%,1.80%,4.28% (09/18/1995),0.035%,"4.29% A ",3.41%,---,Bloomberg U.S. Aggregate Float Adjusted Index
Total Bond Market Index Fund Admiral Shares,VBTLX,-1.38%,5.70%,-3.36%,1.11%,1.79%,3.30% (11/12/2001),0.05%,"4.28% A ",3.40%,---,Bloomberg U.S. Aggregate Float Adjusted Index
LifeStrategy Moderate Growth Fund,VSMGX,-1.38%,15.49%,2.21%,7.68%,6.09%,7.31% (09/30/1994),0.13%,"2.67% B ",---,2.04%,Moderate Growth Composite Index
Target Retirement 2030 Fund,VTHRX,-1.38%,16.03%,2.66%,8.37%,6.58%,6.57% (06/07/2006),0.08%,"2.66% B ",---,2.03%,Target Retirement 2030 Composite Index
Target Retirement 2055 Fund,VFFVX,-1.39%,20.16%,4.92%,10.92%,7.97%,9.77% (08/18/2010),0.08%,"2.31% B ",---,2.04%,Target Retirement 2055 Composite Index
Target Retirement 2070 Fund,VSVNX,-1.39%,20.24%,---,---,---,13.75% (06/28/2022),0.08%,"2.28% B ",---,2.04%,Target Retirement 2070 Composite Index
Target Retirement 2050 Fund,VFIFX,-1.40%,20.17%,4.91%,10.93%,7.99%,7.51% (06/07/2006),0.08%,"2.31% B ",---,2.04%,Target Retirement 2050 Composite Index
LifeStrategy Growth Fund,VASGX,-1.40%,18.55%,3.97%,9.83%,7.36%,7.98% (09/30/1994),0.14%,"2.38% B ",---,2.03%,Growth Composite Index
Target Retirement 2060 Fund,VTTSX,-1.40%,20.18%,4.92%,10.92%,7.97%,9.52% (01/19/2012),0.08%,"2.31% B ",---,2.04%,Target Retirement 2060 Composite Index
Target Retirement 2065 Fund,VLXVX,-1.40%,20.15%,4.95%,10.91%,---,8.44% (07/12/2017),0.08%,"2.32% B ",---,2.04%,Target Retirement 2065 Composite Index
Emerging Markets Bond Fund Investor Shares,VEMBX,-1.41%,13.64%,-0.90%,5.67%,---,6.36% (03/10/2016),0.55%,"7.09% A ",---,---,JP Morgan Emerging Markets Bond Index Global Diversified
Emerging Markets Bond Fund Admiral Shares,VEGBX,-1.42%,13.80%,-0.75%,5.82%,---,4.73% (12/06/2017),0.40%,"7.24% A ",---,---,JP Morgan Emerging Markets Bond Index Global Diversified
International Dividend Appreciation ETF,VIGI,-1.44%,16.16%,2.84%,9.73%,---,8.69% (02/25/2016),0.15%,"---  ",---,2.07%,S&P Global Ex-U.S. Dividend Growers Index (USD) NTR
Financials Index Fund Admiral Shares,VFAIX,-1.45%,14.08%,10.63%,11.79%,9.88%,5.41% (02/04/2004),0.10%,"1.84% B ",---,1.94%,Spliced U.S. Investable Market Financials 25/50 Index
International Dividend Appreciation Index Fund Admiral Shares Purchase fee: : 0.25% Redemption fee: : 0.25%,VIAAX,-1.45%,15.50%,2.69%,9.62%,---,8.25% (03/02/2016),0.16%,"---  ",---,2.07%,S&P Global Ex-U.S. Dividend Growers Index (USD) NTR
Financials ETF,VFH,-1.45%,14.06%,10.62%,11.77%,9.87%,5.31% (01/26/2004),0.10%,"1.84% B ",---,1.94%,Spliced U.S. Investable Market Financials 25/50 Index
Mortgage-Backed Securities Index Fund Admiral Shares,VMBSX,-1.51%,4.99%,-2.88%,0.17%,1.26%,1.70% (12/03/2009),0.07%,"3.53% J ",---,---,Bloomberg U.S. Aggregate Float Adjusted Index
U.S. Multifactor ETF,VFMF,-1.54%,18.64%,13.34%,13.24%,---,9.46% (02/13/2018),0.18%,"1.36% B ",---,1.56%,Russell 3000 Index
GNMA Fund Admiral Shares,VFIJX,-1.55%,5.26%,-2.39%,0.46%,1.52%,3.50% (02/12/2001),0.11%,"3.33% J ",3.40%,---,Bloomberg U.S. GNMA Bond Index
GNMA Fund Investor Shares,VFIIX,-1.55%,5.15%,-2.49%,0.35%,1.42%,6.27% (06/27/1980),0.21%,"3.23% J ",3.30%,---,Bloomberg U.S. GNMA Bond Index
Mortgage-Backed Securities Index Fund Institutional Shares,VMBIX,-1.55%,5.01%,-2.86%,0.20%,1.29%,1.17% (10/31/2013),0.05%,"3.55% J ",---,---,Bloomberg U.S. Aggregate Float Adjusted Index
Mortgage-Backed Securities ETF,VMBS,-1.55%,5.04%,-2.85%,0.20%,1.28%,1.72% (11/19/2009),0.04%,"3.57% J ",---,---,Bloomberg U.S. Aggregate Float Adjusted Index
STAR Fund,VGSTX,-1.56%,17.11%,1.74%,9.34%,7.17%,9.15% (03/29/1985),0.31%,"2.26% B ",---,1.72%,STAR Composite Index
Commodity Strategy Fund Admiral Shares,VCMDX,-1.58%,-7.46%,12.56%,---,---,10.08% (06/25/2019),0.21%,"2.31% B ",---,---,Bloomberg Commodity Index Total Return
Wellesley Income Fund Investor Shares,VWINX,-1.60%,7.00%,1.83%,5.91%,5.40%,9.23% (07/01/1970),0.23%,"4.08% B ",---,3.36%,Wellesley Income Composite Index
Wellesley Income Fund Admiral Shares,VWIAX,-1.60%,7.10%,1.90%,5.99%,5.48%,6.43% (05/14/2001),0.16%,"4.15% B ",---,3.36%,Wellesley Income Composite Index
Russell 1000 Value ETF,VONV,-1.71%,11.42%,8.77%,10.82%,8.29%,10.55% (09/20/2010),0.08%,"2.15% B ",---,2.27%,Russell 1000 Value Index
Russell 1000 Value Index Fund Institutional Shares,VRVIX,-1.71%,11.42%,8.79%,10.85%,8.32%,10.17% (12/10/2010),0.07%,"2.16% B ",---,2.27%,Russell 1000 Value Index
U.S. Multifactor Fund Admiral Shares,VFMFX,-1.72%,17.91%,13.26%,12.89%,---,8.61% (02/15/2018),0.18%,"1.38% B ",---,1.53%,Russell 3000 Index
Variable Insurance Fund - Equity Income Portfolio,0108,-1.88%,8.10%,10.41%,11.57%,9.53%,9.70% (06/07/1993),0.30%,"2.70% B ",---,3.11%,Spliced Equity Income Index
International Dividend Growth Fund,VIDGX,-1.89%,---,---,---,---,5.99% (11/15/2023),0.54%,"---  ",---,2.56%,S&P International Developed Dividend Growers Index NTR
Equity Income Fund Admiral Shares,VEIRX,-1.95%,7.76%,10.63%,11.85%,9.70%,8.39% (08/13/2001),0.19%,"2.88% B ",---,3.12%,Spliced Equity Income Index
Equity Income Fund Investor Shares,VEIPX,-1.96%,7.67%,10.54%,11.74%,9.60%,10.13% (03/21/1988),0.28%,"2.79% B ",---,3.12%,Spliced Equity Income Index
Mid-Cap Growth Index Fund Admiral Shares,VMGMX,-2.12%,23.14%,1.82%,13.70%,10.12%,12.29% (09/27/2011),0.07%,"0.71% B ",---,0.77%,CRSP U.S. Mid Cap Growth Index
Mid-Cap Growth ETF,VOT,-2.12%,23.14%,1.82%,13.70%,10.12%,9.43% (08/17/2006),0.07%,"0.72% B ",---,0.77%,CRSP U.S. Mid Cap Growth Index
Emerging Markets Government Bond ETF,VWOB,-2.12%,10.46%,-3.37%,1.70%,3.01%,2.56% (05/31/2013),0.20%,"6.71% A ",---,---,Bloomberg USD Emerging Markets Government RIC Capped Index
Emerging Markets Government Bond Index Fund Admiral Shares Purchase fee: : 0.75%,VGAVX,-2.12%,9.61%,-3.61%,1.56%,2.94%,2.50% (05/31/2013),0.20%,"6.71% A ",---,---,Bloomberg USD Emerging Markets Government RIC Capped Index
Emerging Markets Government Bond Index Fund Institutional Shares Purchase fee: : 0.75%,VGIVX,-2.14%,9.64%,-3.58%,1.58%,---,2.72% (02/11/2015),0.18%,"6.73% A ",---,---,Bloomberg USD Emerging Markets Government RIC Capped Index
Pacific Stock Index Fund Admiral Shares,VPADX,-2.24%,15.57%,-0.19%,6.38%,4.50%,5.23% (08/13/2001),0.10%,"---  ",---,2.74%,FTSE Developed Asia Pacific All Cap Index
FTSE Pacific ETF,VPL,-2.24%,15.58%,-0.17%,6.41%,4.52%,4.71% (03/04/2005),0.08%,"---  ",---,2.74%,FTSE Developed Asia Pacific All Cap Index
Pacific Stock Index Fund Institutional Shares,VPKIX,-2.27%,15.59%,-0.17%,6.41%,4.53%,3.40% (05/15/2000),0.08%,"---  ",---,2.74%,FTSE Developed Asia Pacific All Cap Index
Windsor Fund Admiral Shares,VWNEX,-2.28%,15.03%,12.67%,14.95%,9.84%,8.35% (11/12/2001),0.28%,"2.05% B ",---,2.33%,Russell 1000 Value Index
Windsor Fund Investor Shares,VWNDX,-2.28%,14.92%,12.56%,14.84%,9.74%,11.29% (10/23/1958),0.38%,"1.95% B ",---,2.33%,Russell 1000 Value Index
Mid-Cap Index Fund Institutional Plus Shares,VMCPX,-2.33%,16.00%,5.51%,12.73%,9.43%,10.94% (12/15/2010),0.03%,"1.56% B ",---,1.59%,CRSP U.S. Mid Cap Index
Mid-Cap Index Fund Admiral Shares,VIMAX,-2.33%,15.98%,5.49%,12.71%,9.41%,9.83% (11/12/2001),0.05%,"1.55% B ",---,1.59%,CRSP U.S. Mid Cap Index
Mid-Cap ETF,VO,-2.33%,15.99%,5.51%,12.72%,9.41%,9.54% (01/26/2004),0.04%,"1.57% B ",---,1.59%,CRSP U.S. Mid Cap Index
Variable Insurance Fund - Mid-Cap Index Portfolio,0288,-2.34%,15.83%,5.35%,12.56%,9.27%,9.94% (02/09/1999),0.17%,"1.43% B ",---,1.59%,CRSP U.S. Mid Cap Index
Mid-Cap Index Fund Institutional Shares,VMCIX,-2.34%,16.00%,5.50%,12.72%,9.42%,9.81% (05/21/1998),0.04%,"1.55% B ",---,1.59%,CRSP U.S. Mid Cap Index
Industrials ETF,VIS,-2.36%,22.37%,10.56%,14.58%,10.03%,9.88% (09/23/2004),0.10%,"1.25% B ",---,1.34%,Spliced U.S. Investable Market Industrials 25/50 Index
Industrials Index Fund Admiral Shares,VINAX,-2.36%,22.39%,10.57%,14.59%,10.04%,8.83% (05/08/2006),0.10%,"1.25% B ",---,1.34%,Spliced U.S. Investable Market Industrials 25/50 Index
S&P Mid-Cap 400 Index Fund Institutional Shares,VSPMX,-2.40%,16.36%,8.02%,12.55%,9.21%,10.28% (03/28/2011),0.08%,"1.54% B ",---,1.58%,S&P MidCap 400 Index
S&P Mid-Cap 400 ETF,IVOO,-2.41%,16.34%,7.99%,12.51%,9.15%,11.88% (09/07/2010),0.10%,"1.54% B ",---,1.58%,S&P MidCap 400 Index
Global Equity Fund,VHGEX,-2.42%,23.51%,2.63%,11.23%,8.16%,8.80% (08/14/1995),0.41%,"---  ",---,1.42%,Spliced Global Equity Index
Selected Value Fund,VASVX,-2.46%,25.33%,14.01%,15.23%,8.78%,9.23% (02/15/1996),0.38%,"1.71% B ",---,1.88%,Russell Midcap Value Index
Mid-Cap Value Index Fund Admiral Shares,VMVAX,-2.52%,9.76%,9.18%,11.31%,8.49%,11.84% (09/27/2011),0.07%,"2.25% B ",---,2.30%,CRSP U.S. Mid Cap Value Index
Mid-Cap Value ETF,VOE,-2.52%,9.77%,9.19%,11.30%,8.49%,8.46% (08/17/2006),0.07%,"2.27% B ",---,2.30%,CRSP U.S. Mid Cap Value Index
Strategic Equity Fund,VSEQX,-2.53%,19.21%,11.22%,13.97%,9.80%,10.57% (08/14/1995),0.17%,"1.28% B ",---,1.44%,Spliced Small and Mid Cap Index
Explorer Fund Admiral Shares,VEXRX,-2.62%,19.90%,2.35%,13.12%,9.58%,9.52% (11/12/2001),0.34%,"0.42% B ",---,0.70%,Russell 2500 Growth Index
Explorer Fund Investor Shares,VEXPX,-2.62%,19.77%,2.24%,13.00%,9.44%,9.43% (12/11/1967),0.45%,"0.31% B ",---,0.70%,Russell 2500 Growth Index
Long-Term Corporate Bond Index Fund Admiral Shares Purchase fee: : 1.00%,VLTCX,-2.65%,9.92%,-6.90%,2.47%,3.83%,4.91% (01/19/2010),0.07%,"5.36% A ",---,---,Bloomberg U.S. Aggregate Float Adjusted Index
Long-Term Corporate Bond Index Fund Institutional Shares Purchase fee: : 1.00%,VLCIX,-2.66%,9.94%,-6.90%,2.49%,3.84%,4.95% (11/19/2009),0.05%,"5.38% A ",---,---,Bloomberg U.S. Aggregate Float Adjusted Index
Long-Term Corporate Bond ETF,VCLT,-2.66%,11.08%,-6.57%,2.70%,3.94%,5.00% (11/19/2009),0.04%,"5.40% A ",---,---,Bloomberg U.S. Aggregate Float Adjusted Index
International Core Stock Fund Admiral Shares,VZICX,-2.70%,14.38%,4.57%,---,---,7.23% (10/16/2019),0.38%,"---  ",---,2.55%,MSCI All Country World Index ex USA Net
International Core Stock Fund Investor Shares,VWICX,-2.74%,14.28%,4.45%,---,---,7.12% (10/16/2019),0.48%,"---  ",---,2.55%,MSCI All Country World Index ex USA Net
International High Dividend Yield ETF,VYMI,-2.76%,16.88%,7.76%,8.02%,---,7.97% (02/25/2016),0.22%,"---  ",---,4.82%,FTSE All-World ex US High Dividend Yield Index
International High Dividend Yield Index Fund Admiral Shares Purchase fee: : 0.25% Redemption fee: : 0.25%,VIHAX,-2.76%,16.26%,7.61%,7.92%,---,7.48% (03/02/2016),0.22%,"---  ",---,4.82%,FTSE All-World ex US High Dividend Yield Index
Developed Markets Index Fund Admiral Shares,VTMGX,-2.79%,17.67%,3.55%,8.36%,4.54%,4.47% (08/17/1999),0.07%,"---  ",---,2.99%,FTSE Developed All Cap ex US Index
FTSE Developed Markets ETF,VEA,-2.82%,17.77%,3.59%,8.40%,4.55%,2.84% (07/20/2007),0.05%,"---  ",---,2.99%,FTSE Developed All Cap ex US Index
Developed Markets Index Fund Institutional Plus Shares,VDIPX,-2.82%,17.80%,3.60%,8.40%,---,4.57% (04/01/2014),0.04%,"---  ",---,2.99%,FTSE Developed All Cap ex US Index
Long-Term Investment-Grade Fund Admiral Shares,VWETX,-2.84%,9.38%,-7.33%,2.06%,3.86%,5.66% (02/12/2001),0.12%,"5.12% A ",4.71%,---,Bloomberg U.S. Long Credit A or Better Bond Index
Long-Term Investment-Grade Fund Investor Shares,VWESX,-2.85%,9.27%,-7.43%,1.96%,3.75%,7.51% (07/09/1973),0.21%,"5.02% A ",4.61%,---,Bloomberg U.S. Long Credit A or Better Bond Index
Developed Markets Index Fund Institutional Shares,VTMNX,-2.85%,17.84%,3.59%,8.41%,4.56%,4.67% (01/04/2001),0.05%,"---  ",---,2.99%,FTSE Developed All Cap ex US Index
Consumer Discretionary Index Fund Admiral Shares,VCDAX,-3.01%,40.40%,4.36%,16.53%,12.34%,11.12% (07/14/2005),0.10%,"0.73% B ",---,0.87%,MSCI US Investable Market Consumer Discretionary 25/50 Index
Consumer Discretionary ETF,VCR,-3.01%,40.40%,4.36%,16.53%,12.34%,10.79% (01/26/2004),0.10%,"0.73% B ",---,0.87%,MSCI US Investable Market Consumer Discretionary 25/50 Index
Variable Insurance Fund - Small Company Growth Portfolio,0161,-3.01%,19.65%,0.67%,9.98%,7.85%,10.11% (06/03/1996),0.29%,"0.39% B ",---,0.47%,Russell 2500 Growth Index
International Value Fund,VTRIX,-3.02%,16.15%,3.47%,7.77%,3.78%,8.27% (05/16/1983),0.38%,"---  ",---,2.90%,MSCI All Country World Index ex USA Net
FTSE All-World ex-US Index Fund Institutional Shares,VFWSX,-3.03%,15.61%,1.86%,7.44%,4.16%,3.07% (04/30/2007),0.09%,"---  ",---,3.00%,FTSE All-World ex US Index
FTSE All-World ex-US Index Fund Institutional Plus Shares,VFWPX,-3.03%,15.64%,1.88%,7.46%,4.18%,4.58% (12/16/2010),0.07%,"---  ",---,3.00%,FTSE All-World ex US Index
FTSE All-World ex-US Index Fund Admiral Shares,VFWAX,-3.04%,15.57%,1.83%,7.40%,4.13%,6.10% (09/27/2011),0.12%,"---  ",---,3.00%,FTSE All-World ex US Index
FTSE All-World ex-US ETF,VEU,-3.04%,15.64%,1.88%,7.45%,4.16%,3.57% (03/02/2007),0.08%,"---  ",---,3.00%,FTSE All-World ex US Index
ESG International Stock ETF,VSGX,-3.10%,15.58%,0.27%,7.04%,---,4.38% (09/18/2018),0.12%,"---  ",---,2.81%,FTSE Global All Cap ex US Choice Index
S&P Small-Cap 600 Growth ETF,VIOG,-3.15%,16.95%,4.10%,10.27%,8.79%,12.63% (09/07/2010),0.15%,"1.07% B ",---,1.15%,S&P SmallCap 600 Growth Index
Total International Stock Index Fund Institutional Select Shares,VTISX,-3.17%,15.56%,1.83%,7.41%,---,7.24% (06/24/2016),0.047%,"---  ",---,2.97%,FTSE Global All Cap ex US Index
Variable Insurance Fund - Total International Stock Market Index Portfolio,1557,-3.18%,15.54%,1.74%,7.31%,---,4.05% (09/07/2017),0.11%,"---  ",---,2.97%,FTSE Global All Cap ex US Index
Total International Stock ETF,VXUS,-3.18%,15.56%,1.81%,7.39%,4.12%,4.23% (01/26/2011),0.07%,"---  ",---,2.97%,FTSE Global All Cap ex US Index
Total International Stock Index Fund Admiral Shares,VTIAX,-3.18%,15.52%,1.77%,7.34%,4.09%,4.86% (11/29/2010),0.11%,"---  ",---,2.97%,FTSE Global All Cap ex US Index
Total International Stock Index Fund Institutional Plus Shares,VTPSX,-3.18%,15.54%,1.80%,7.38%,4.13%,5.00% (11/30/2010),0.07%,"---  ",---,2.97%,FTSE Global All Cap ex US Index
Total International Stock Index Fund Institutional Shares,VTSNX,-3.18%,15.53%,1.80%,7.37%,4.12%,4.89% (11/29/2010),0.08%,"---  ",---,2.97%,FTSE Global All Cap ex US Index
European Stock Index Fund Admiral Shares,VEUSX,-3.21%,19.98%,5.43%,9.16%,4.34%,5.76% (08/13/2001),0.13%,"---  ",---,3.16%,FTSE Developed Europe All Cap Index
European Stock Index Fund Institutional Plus Shares,VEUPX,-3.21%,20.03%,5.46%,9.19%,---,5.09% (12/05/2014),0.10%,"---  ",---,3.16%,FTSE Developed Europe All Cap Index
FTSE Europe ETF,VGK,-3.22%,20.03%,5.45%,9.19%,4.35%,5.01% (03/04/2005),0.11%,"---  ",---,3.16%,FTSE Developed Europe All Cap Index
European Stock Index Fund Institutional Shares,VESIX,-3.23%,20.01%,5.45%,9.18%,4.36%,4.47% (05/15/2000),0.11%,"---  ",---,3.16%,FTSE Developed Europe All Cap Index
U.S. Value Factor ETF,VFVA,-3.42%,17.21%,15.59%,14.56%,---,9.59% (02/13/2018),0.13%,"2.16% B ",---,2.39%,Russell 3000 Index
Small-Cap Value Index Fund Institutional Shares,VSIIX,-3.52%,15.99%,10.46%,11.87%,8.51%,9.88% (12/07/1999),0.06%,"2.10% B ",---,2.14%,CRSP U.S. Small Cap Value Index
Small-Cap Value Index Fund Admiral Shares,VSIAX,-3.52%,15.99%,10.45%,11.85%,8.49%,12.05% (09/27/2011),0.07%,"2.09% B ",---,2.14%,CRSP U.S. Small Cap Value Index
Small-Cap Value ETF,VBR,-3.53%,16.00%,10.46%,11.85%,8.49%,8.83% (01/26/2004),0.07%,"2.11% B ",---,2.14%,CRSP U.S. Small Cap Value Index
Extended Market Index Fund Admiral Shares,VEXAX,-3.54%,25.38%,1.21%,11.91%,8.54%,8.22% (11/13/2000),0.06%,"1.17% B ",---,1.23%,Spliced Extended Market Index
Extended Market Index Fund Institutional Plus Shares,VEMPX,-3.54%,25.42%,1.23%,11.93%,8.57%,10.12% (01/14/2011),0.04%,"1.19% B ",---,1.23%,S&P Completion Index
Extended Market Index Fund Institutional Select Shares,VSEMX,-3.54%,25.44%,1.25%,11.95%,---,11.45% (06/27/2016),0.02%,"1.21% B ",---,1.23%,S&P Completion Index
Extended Market Index Fund Institutional Shares,VIEIX,-3.55%,25.41%,1.23%,11.92%,8.56%,8.72% (07/07/1997),0.05%,"1.18% B ",---,1.23%,Spliced Extended Market Index
Extended Market ETF,VXF,-3.55%,25.39%,1.22%,11.91%,8.54%,9.34% (12/27/2001),0.06%,"1.24% B ",---,1.23%,Spliced Extended Market Index
Explorer Value Fund,VEVFX,-3.58%,15.29%,8.34%,10.76%,7.28%,10.14% (03/30/2010),0.49%,"1.20% B ",---,1.50%,Russell 2500 Value Index
Baillie Gifford Global Positive Impact Stock Fund Investor Shares,VBPIX,-3.59%,15.26%,-4.26%,16.61%,---,13.73% (12/14/2017),0.59%,"0.19% B ",---,0.94%,MSCI All Country World Index Net
S&P Mid-Cap 400 Value Index Fund Institutional Shares,VMFVX,-3.61%,15.35%,11.89%,12.85%,9.11%,11.11% (11/02/2010),0.08%,"1.94% B ",---,2.20%,S&P MidCap 400 Value Index
Small-Cap ETF,VB,-3.61%,18.21%,4.67%,11.70%,8.43%,9.04% (01/26/2004),0.05%,"1.47% B ",---,1.47%,CRSP U.S. Small Cap Index
Small-Cap Index Fund Admiral Shares,VSMAX,-3.61%,18.20%,4.66%,11.70%,8.43%,9.01% (11/13/2000),0.05%,"1.45% B ",---,1.47%,CRSP U.S. Small Cap Index
S&P Mid-Cap 400 Value ETF,IVOV,-3.61%,15.30%,11.80%,12.77%,9.01%,11.65% (09/07/2010),0.15%,"1.93% B ",---,2.20%,S&P MidCap 400 Value Index
Small-Cap Index Fund Institutional Plus Shares,VSCPX,-3.61%,18.22%,4.68%,11.73%,8.46%,10.33% (12/17/2010),0.03%,"1.47% B ",---,1.47%,CRSP U.S. Small Cap Index
Small-Cap Index Fund Institutional Shares,VSCIX,-3.62%,18.22%,4.67%,11.72%,8.44%,8.88% (07/07/1997),0.04%,"1.46% B ",---,1.47%,CRSP U.S. Small Cap Index
Variable Insurance Fund - International Portfolio,0110,-3.62%,14.65%,-7.60%,10.28%,6.80%,7.37% (06/03/1994),0.41%,"---  ",---,1.17%,MSCI All Country World Index ex USA Net
Long-Term Bond Index Fund Institutional Plus Purchase fee: : 0.50%,VBLIX,-3.68%,7.02%,-8.80%,1.00%,3.24%,2.84% (10/06/2011),0.04%,"4.92% A ",4.23%,---,Spliced Bloomberg U.S. Long Government/Credit Float Adjusted Index
Long-Term Bond Index Fund Institutional Shares Purchase fee: : 0.50%,VBLLX,-3.68%,7.01%,-8.81%,0.99%,3.22%,4.63% (02/02/2006),0.05%,"4.91% A ",4.22%,---,Spliced Bloomberg U.S. Long Government/Credit Float Adjusted Index
Long-Term Bond Index Fund Admiral Shares Purchase fee: : 0.50%,VBLAX,-3.68%,6.98%,-8.82%,---,---,0.52% (02/07/2019),0.07%,"4.89% A ",4.20%,---,Spliced Bloomberg U.S. Long Government/Credit Float Adjusted Index
Long-Term Bond ETF,BLV,-3.70%,7.53%,-8.65%,1.08%,3.26%,4.67% (04/03/2007),0.04%,"4.91% A ",---,---,Spliced Bloomberg U.S. Long Government/Credit Float Adjusted Index
International Growth Fund Admiral Shares,VWILX,-3.71%,14.81%,-7.61%,10.62%,7.09%,7.46% (08/13/2001),0.31%,"---  ",---,1.07%,MSCI All Country World Index ex USA Net
International Growth Fund Investor Shares,VWIGX,-3.72%,14.66%,-7.71%,10.50%,6.96%,10.14% (09/30/1981),0.42%,"---  ",---,1.07%,MSCI All Country World Index ex USA Net
Small-Cap Growth ETF,VBK,-3.74%,21.42%,-2.78%,10.54%,7.86%,8.86% (01/26/2004),0.07%,"0.57% B ",---,0.60%,CRSP U.S. Small Cap Growth Index
Small-Cap Growth Index Fund Admiral Shares,VSGAX,-3.74%,21.41%,-2.78%,10.54%,7.86%,11.36% (09/27/2011),0.07%,"0.56% B ",---,0.60%,CRSP U.S. Small Cap Growth Index
Small-Cap Growth Index Fund Institutional Shares,VSGIX,-3.75%,21.44%,-2.77%,10.55%,7.87%,8.93% (05/24/2000),0.06%,"0.57% B ",---,0.60%,CRSP U.S. Small Cap Growth Index
Strategic Small-Cap Equity Fund,VSTCX,-3.87%,21.28%,12.11%,13.28%,8.84%,8.02% (04/24/2006),0.26%,"1.06% B ",---,1.32%,MSCI US Small Cap 1750 Index
Utilities ETF,VPU,-3.89%,-7.47%,3.16%,6.34%,8.53%,8.78% (01/26/2004),0.10%,"3.40% B ",---,3.51%,Spliced U.S. Investable Market Utilities 25/50 Index
Utilities Index Fund Admiral Shares,VUIAX,-3.90%,-7.45%,3.18%,6.36%,8.55%,8.88% (04/28/2004),0.10%,"3.40% B ",---,3.51%,Spliced U.S. Investable Market Utilities 25/50 Index
FTSE All-World ex-US Small-Cap Index Fund Institutional Shares,VFSNX,-4.01%,15.19%,0.76%,6.87%,3.94%,8.47% (04/02/2009),0.11%,"---  ",---,2.69%,FTSE Global Small-Cap ex US Index
FTSE All-World ex-US Small-Cap ETF,VSS,-4.01%,15.25%,0.80%,6.90%,3.95%,8.47% (04/02/2009),0.07%,"---  ",---,2.69%,FTSE Global Small-Cap ex US Index
FTSE All-World ex-US Small-Cap Index Fund Admiral Shares,VFSAX,-4.01%,15.14%,0.71%,---,---,5.46% (02/07/2019),0.16%,"---  ",---,2.69%,FTSE Global Small-Cap ex US Index
Emerging Markets Index Fund Institutional Plus Shares,VEMRX,-4.19%,9.25%,-3.19%,4.72%,3.03%,1.92% (12/15/2010),0.08%,"---  ",---,2.91%,FTSE Emerging Markets All Cap China A Inclusion Index
Emerging Markets Stock Index Fund Institutional Shares,VEMIX,-4.19%,9.23%,-3.21%,4.70%,3.02%,6.37% (06/22/2000),0.10%,"---  ",---,2.91%,FTSE Emerging Markets All Cap China A Inclusion Index
FTSE Emerging Markets ETF,VWO,-4.21%,9.27%,-3.18%,4.73%,3.02%,5.38% (03/04/2005),0.08%,"---  ",---,2.91%,FTSE Emerging Markets All Cap China A Inclusion Index
Emerging Markets Stock Index Fund Admiral Shares,VEMAX,-4.21%,9.21%,-3.25%,4.66%,2.98%,4.61% (06/23/2006),0.14%,"---  ",---,2.91%,FTSE Emerging Markets All Cap China A Inclusion Index
Materials ETF,VAW,-4.30%,13.67%,8.48%,13.51%,8.33%,9.06% (01/26/2004),0.10%,"1.71% B ",---,1.77%,Spliced U.S. Investable Market Materials 25/50 Index
Materials Index Fund Admiral Shares,VMIAX,-4.31%,13.69%,8.50%,13.52%,8.33%,8.87% (02/11/2004),0.10%,"1.71% B ",---,1.77%,Spliced U.S. Investable Market Materials 25/50 Index
Variable Insurance Fund - Real Estate Index Portfolio,0349,-4.45%,11.70%,4.90%,7.18%,7.29%,9.10% (02/09/1999),0.26%,note,---,3.62%,MSCI US Investable Market Real Estate 25/50 Index
Real Estate Index Fund Admiral Shares,VGSLX,-4.47%,11.81%,5.02%,7.33%,7.36%,9.13% (11/12/2001),0.12%,note,---,3.59%,MSCI US Investable Market Real Estate 25/50 Index
Real Estate ETF,VNQ,-4.47%,11.75%,5.01%,7.30%,7.35%,7.65% (09/23/2004),0.12%,note,---,3.59%,MSCI US Investable Market Real Estate 25/50 Index
Real Estate Index Fund Institutional Shares,VGSNX,-4.49%,11.82%,5.05%,7.35%,7.38%,8.07% (12/02/2003),0.10%,note,---,3.59%,MSCI US Investable Market Real Estate 25/50 Index
International Explorer Fund,VINEX,-4.52%,15.28%,-2.92%,5.12%,3.57%,7.78% (11/04/1996),0.41%,"---  ",---,2.06%,MSCI EAFE Small Cap Index
Russell 2000 Growth Index Fund Institutional Shares,VRTGX,-4.60%,18.82%,-3.42%,9.34%,7.29%,9.12% (05/25/2011),0.08%,"0.52% B ",---,0.59%,Russell 2000 Growth Index
Russell 2000 Growth ETF,VTWG,-4.60%,18.73%,-3.48%,9.27%,7.19%,10.53% (09/20/2010),0.15%,"0.45% B ",---,0.59%,Russell 2000 Growth Index
Tax-Managed Small-Cap Fund Admiral Shares,VTMSX,-4.63%,15.95%,7.30%,11.09%,8.64%,10.28% (03/25/1999),0.09%,"1.65% B ",---,1.74%,S&P SmallCap 600 Index
Tax-Managed Small-Cap Fund Institutional Shares,VTSIX,-4.63%,15.99%,7.34%,11.12%,8.68%,10.06% (04/21/1999),0.06%,"1.67% B ",---,1.74%,S&P SmallCap 600 Index
S&P Small-Cap 600 ETF,VIOO,-4.63%,16.00%,7.18%,10.98%,8.60%,12.26% (09/07/2010),0.10%,"1.71% B ",---,1.79%,S&P SmallCap 600 Index
S&P Small-Cap 600 Index Fund Institutional Shares,VSMSX,-4.63%,15.99%,7.21%,11.01%,8.64%,10.35% (04/01/2011),0.08%,"1.71% B ",---,1.79%,S&P SmallCap 600 Index
Energy Fund Admiral Shares,VGELX,-4.64%,8.85%,19.87%,6.19%,0.37%,7.49% (11/12/2001),0.38%,"3.98% B ",---,4.24%,MSCI ACWI Energy + Utilities Index
Energy Fund Investor Shares,VGENX,-4.64%,8.78%,19.77%,6.11%,0.29%,9.31% (05/23/1984),0.46%,"3.90% B ",---,4.24%,MSCI ACWI Energy + Utilities Index
Energy ETF,VDE,-4.72%,0.00%,36.47%,13.22%,2.64%,7.17% (09/23/2004),0.10%,"3.02% B ",---,3.38%,Spliced U.S. Investable Market Energy 25/50 Index
Energy Index Fund Admiral Shares,VENAX,-4.73%,0.03%,36.53%,13.27%,2.66%,6.88% (10/07/2004),0.10%,"3.02% B ",---,3.38%,Spliced U.S. Investable Market Energy 25/50 Index
Global Capital Cycles Fund,VGPMX,-4.81%,10.03%,12.18%,14.83%,3.78%,4.60% (05/23/1984),0.43%,"---  ",---,3.11%,Spliced Global Capital Cycles Index
Long-Term Treasury Index Fund Admiral Shares,VLGSX,-4.82%,3.65%,-11.46%,-1.36%,2.23%,3.21% (03/01/2010),0.07%,"4.30% A ",---,---,Bloomberg U.S. Aggregate Float Adjusted Index
Long-Term Treasury Index Fund Institutional Shares,VLGIX,-4.82%,3.70%,-11.43%,-1.34%,2.26%,2.60% (07/30/2010),0.05%,"4.32% A ",---,---,Bloomberg U.S. Aggregate Float Adjusted Index
Long-Term Treasury ETF,VGLT,-4.83%,3.69%,-11.43%,-1.34%,2.25%,3.06% (11/19/2009),0.04%,"4.34% A ",---,---,Bloomberg U.S. Aggregate Float Adjusted Index
Long-Term Treasury Fund Admiral Shares,VUSUX,-4.85%,3.41%,-11.41%,-1.22%,2.31%,4.52% (02/12/2001),0.10%,"4.21% A ",3.62%,---,Bloomberg U.S. Long Treasury Bond Index
Long-Term Treasury Fund Investor Shares,VUSTX,-4.85%,3.31%,-11.50%,-1.32%,2.21%,6.16% (05/19/1986),0.20%,"4.11% A ",3.52%,---,Bloomberg U.S. Long Treasury Bond Index
Russell 2000 Index Fund Institutional Shares,VRTIX,-5.07%,17.03%,2.27%,10.05%,7.25%,9.05% (12/22/2010),0.08%,"1.32% B ",---,1.40%,Russell 2000 Index
Russell 2000 ETF,VTWO,-5.07%,17.00%,2.26%,10.03%,7.20%,10.21% (09/20/2010),0.10%,"1.30% B ",---,1.40%,Russell 2000 Index
Emerging Markets Select Stock Fund,VMMSX,-5.37%,10.58%,-3.68%,4.67%,2.98%,2.54% (06/27/2011),0.78%,"---  ",---,3.42%,FTSE Emerging Index
Russell 2000 Value Index Fund Institutional Shares,VRTVX,-5.51%,14.74%,7.94%,10.05%,6.78%,9.42% (07/13/2012),0.08%,"2.04% B ",---,2.16%,Russell 2000 Value Index
Russell 2000 Value ETF,VTWV,-5.52%,14.66%,7.87%,9.97%,6.68%,9.42% (09/20/2010),0.15%,"1.98% B ",---,2.16%,Russell 2000 Value Index
Global ex-U.S. Real Estate Index Fund Institutional Shares Purchase fee: : 0.25% Redemption fee: : 0.25%,VGRNX,-5.66%,5.87%,-4.62%,-0.40%,1.48%,2.74% (04/19/2011),0.11%,"---  ",---,3.96%,S&P Global ex U.S. Property Index
Global ex-U.S. Real Estate Index Fund Admiral Shares Purchase fee: : 0.25% Redemption fee: : 0.25%,VGRLX,-5.66%,5.69%,-4.62%,-0.41%,1.47%,2.87% (02/10/2011),0.12%,"---  ",---,3.96%,S&P Global ex U.S. Property Index
Global ex-U.S. Real Estate ETF,VNQI,-5.67%,6.40%,-4.49%,-0.32%,1.51%,2.81% (11/01/2010),0.12%,"---  ",---,3.96%,S&P Global ex U.S. Property Index
Global Environmental Opportunities Stock Fund Admiral Shares,VEOAX,-6.03%,6.14%,---,---,---,1.69% (11/16/2022),0.60%,"---  ",---,1.60%,MSCI All Country World Index Net
Global Environmental Opportunities Stock Fund Investor Shares,VEOIX,-6.04%,6.01%,---,---,---,1.53% (11/16/2022),0.75%,"---  ",---,1.60%,MSCI All Country World Index Net
S&P Small-Cap 600 Value Index Fund Institutional Shares,VSMVX,-6.14%,14.83%,10.13%,11.33%,---,8.60% (11/19/2014),0.08%,"2.23% B ",---,2.44%,S&P SmallCap 600 Value Index
S&P Small-Cap 600 Value ETF,VIOV,-6.14%,14.75%,10.04%,11.23%,8.05%,11.64% (09/07/2010),0.15%,"2.20% B ",---,2.44%,S&P SmallCap 600 Value Index
Extended Duration Treasury Index Fund Institutional Plus Shares Purchase fee: : 0.50%,VEDIX,-8.11%,1.61%,-16.80%,-3.14%,2.83%,2.32% (08/28/2013),0.04%,"4.52% A ",---,---,Bloomberg U.S. Treasury Strips 20-30 Year Equal Par Bond Index
Extended Duration Treasury ETF,EDV,-8.11%,2.14%,-16.67%,-3.05%,2.86%,3.86% (12/06/2007),0.06%,"4.50% A ",---,---,Bloomberg U.S. Treasury Strips 20-30 Year Equal Par Bond Index
Extended Duration Treasury Index Fund Institutional Shares Purchase fee: : 0.50%,VEDTX,-8.13%,1.58%,-16.81%,-3.16%,2.81%,3.72% (11/28/2007),0.06%,"4.50% A ",---,---,Bloomberg U.S. Treasury Strips 20-30 Year Equal Par Bond Index
Short-Term Treasury Index Fund Admiral Shares,VSBSX,---,4.28%,-0.15%,1.21%,0.97%,1.00% (12/28/2009),0.07%,"4.32% A ",---,---,Bloomberg U.S. 1-3 Year Treasury Index
S&P Small-Cap 600 Growth Index Fund Institutional Shares,VSGNX,---,---,---,---,---,---,0.08%,"---  ",---,1.15%,S&P SmallCap 600 Growth Index
Total International Bond Index Fund Institutional Select Shares,VSIBX,---,---,---,---,---,---,0.025%,"3.02% A ",---,---,Bloomberg Global Aggregate ex-USD Float Adjusted RIC Capped Index Hedged
